mode,method,num_vectors,dim,metric,batch_size,concurrency,warmup,iterations,index_build_ms,alloc_mean_ms,corpus_h2d_mean_ms,query_h2d_mean_ms,kernel_mean_ms,kernel_p50_ms,kernel_p95_ms,kernel_p99_ms,scores_d2h_mean_ms,free_mean_ms,e2e_mean_ms,e2e_p50_ms,e2e_p95_ms,e2e_p99_ms,e2e_min_ms,e2e_max_ms,qps_from_e2e_mean,gpu_mem_used_bytes
legacy,gpu_tiled,10000,384,l2,1,1,5,50,0,0.140022,3.02776,0.0109318,0.336172,0.335696,0.336621,0.354559,0.0256294,0.807534,4.40486,4.39385,4.49691,4.56995,4.33414,4.63025,227.022,112066560
resident,gpu_tiled,10000,384,l2,1,1,5,50,3.21272,0,0,0.0103533,0.331124,0.331296,0.332373,0.333322,0.0228704,0,0.390875,0.390014,0.395985,0.398281,0.387943,0.399162,2558.36,130940928
legacy,gpu_tiled,100000,384,l2,1,1,5,50,0,0.16857,34.5623,0.0117542,2.70688,2.79992,3.03659,3.19316,0.127587,1.30616,38.9378,38.4426,41.2109,41.8485,37.7773,42.2343,25.682,112066560
resident,gpu_tiled,100000,384,l2,1,1,5,50,34.1997,0,0,0.00924992,2.28851,2.18366,2.80514,2.8168,0.117222,0,2.44141,2.3349,2.9571,2.97117,2.30261,2.97201,409.6,269352960
legacy,gpu_tiled,1000000,384,l2,1,1,5,50,0,1.21485,362.128,0.0185933,28.6631,28.661,29.0463,29.0792,0.978211,3.62928,396.708,389.684,429.956,432.434,381.445,433.615,2.52075,112066560
resident,gpu_tiled,1000000,384,l2,1,1,5,50,360.33,0,0,0.0113274,20.6963,20.6546,20.935,20.9815,0.866307,0,21.6077,21.5971,21.8454,21.8838,21.3743,21.9116,46.2798,1655570432
legacy,gpu_tiled,10000,768,l2,1,1,5,50,0,0.179485,6.22811,0.0120755,0.276412,0.276048,0.280461,0.28087,0.0248051,0.862717,7.63797,7.53294,8.2723,8.43975,7.36629,8.57841,130.925,112066560
resident,gpu_tiled,10000,768,l2,1,1,5,50,6.37936,0,0,0.00945024,0.27239,0.272384,0.27445,0.275876,0.0220224,0,0.326819,0.32565,0.335917,0.340757,0.322395,0.343225,3059.8,145620992
legacy,gpu_tiled,100000,768,l2,1,1,5,50,0,1.13754,69.3384,0.0143194,7.75303,7.98187,8.07118,8.11653,0.126538,1.42469,79.8542,79.009,83.9393,86.8843,78.0754,87.0494,12.5228,112066560
resident,gpu_tiled,100000,768,l2,1,1,5,50,70.3854,0,0,0.0103398,5.37783,5.3327,5.79592,6.35661,0.120762,0,5.53775,5.49384,5.95423,6.51281,5.36612,6.51469,180.579,422445056
legacy,gpu_tiled,1000000,768,l2,1,1,5,50,0,1.24979,722.911,0.0194253,70.1029,69.9308,71.7384,80.877,0.978881,4.66437,800.006,791.329,851.924,856.689,782.214,857.836,1.24999,112066560
resident,gpu_tiled,1000000,768,l2,1,1,5,50,717.586,0,0,0.013737,49.3676,49.4066,50.1933,50.9984,0.964849,0,50.3965,50.388,51.2321,52.0326,49.0932,52.1248,19.8427,3190685696
legacy,gpu_tiled,10000,1024,l2,1,1,5,50,0,0.222405,9.41757,0.0150477,0.358449,0.357168,0.362883,0.374542,0.0303181,1.17866,11.2874,10.9749,13.312,14.7535,10.131,15.448,88.5945,112066560
resident,gpu_tiled,10000,1024,l2,1,1,5,50,9.09109,0,0,0.011673,0.350074,0.350208,0.351267,0.351568,0.0248269,0,0.416749,0.41564,0.426251,0.431072,0.412743,0.432742,2399.53,156106752
legacy,gpu_tiled,100000,1024,l2,1,1,5,50,0,1.11833,92.3352,0.0151309,7.18508,7.182,7.40416,7.41939,0.127913,1.50441,102.345,101.497,107.497,113.668,99.4542,118.229,9.77085,112066560
resident,gpu_tiled,100000,1024,l2,1,1,5,50,93.689,0,0,0.0124595,5.88197,5.74974,6.63162,6.83253,0.133053,0,6.05729,5.92293,6.80008,6.99959,5.80301,7.01481,165.09,525205504
legacy,gpu_tiled,1000000,1024,l2,1,1,5,50,0,1.31611,970.983,0.020169,72.1955,71.7562,76.522,77.7157,0.987517,5.52727,1051.11,1037.65,1120.96,1140.54,1026.54,1144.59,0.951376,112066560
resident,gpu_tiled,1000000,1024,l2,1,1,5,50,1060.21,0,0,0.0132493,66.4125,66.3927,67.4106,67.6095,0.946522,0,67.431,67.4058,68.441,68.6115,65.3515,68.7572,14.83,4216193024
